,Product_Name,Product_Title,Product_Description,Product_Ingredients,energy_kcal_Quantity,energy_kcal_100_g_per_product,energy_kcal_uom,energy_kcal_adultDV,energy_kcal_childDV,energy_kJ_Quantity,energy_kJ_100_g_per_product,energy_kJ_uom,energy_kJ_adultDV,energy_kJ_childDV,protein_Quantity,protein_100_g_per_product,protein_uom,protein_adultDV,protein_childDV,carbohydrate_Quantity,carbohydrate_100_g_per_product,carbohydrate_uom,carbohydrate_adultDV,carbohydrate_childDV,sugars_Quantity,sugars_100_g_per_product,sugars_uom,sugars_adultDV,sugars_childDV,fat_Quantity,fat_100_g_per_product,fat_uom,fat_adultDV,fat_childDV,saturated_fat_Quantity,saturated_fat_100_g_per_product,saturated_fat_uom,saturated_fat_adultDV,saturated_fat_childDV,fibre_Quantity,fibre_100_g_per_product,fibre_uom,fibre_adultDV,fibre_childDV,salt_Quantity,salt_100_g_per_product,salt_uom,salt_adultDV,salt_childDV
0,Double Quarter Pounder with Cheese,Double Quarter Pounder with Cheese,"We’re taking this classic and doubling it. Two irresistible 100% beef patties, two slices of cheese, topped with fresh onions, pickles & lashings of sauce. Find out more here!","Quarter Beef Patty 100% Pure Beef.  No additives, fillers, binders, preservatives or flavour enhancers. Just pure forequarter and flank. A little salt and pepper is added to season after cooking., Quarter Pounder Bun Allergen Ingredient:  WHEAT Flour (contains Calcium Carbonate, Iron, Niacin, Thiamine), Water, Sugar, Allergen Ingredient:  SESAME Seeds, Rapeseed Oil, Salt, Yeast, Emulsifier (Mono- and Diacetyl Tartaric Acid Esters of Mono- and Diglycerides of Fatty Acids), Allergen Ingredient:  WHEAT Gluten, Preservative (Calcium Propionate), De-activated Yeast, Antioxidant (Ascorbic Acid).  Potential Allergen Ingredient:  N.B. May contain traces of milk, barley and rye., Cheddar Cheese Slice (processed) Vegetarian Cheddar (51%) (Allergen Ingredient: MILK), Water, Vegetarian Cheese (9%) (Allergen Ingredient: MILK), Whey Powder (Allergen Ingredient: MILK), Butter (Allergen Ingredient: MILK), Emulsifying Salts (Trisodium Citrate, Citric Acid), Allergen Ingredient:  MILK Proteins, Natural Cheese Flavouring (Allergen Ingredient: MILK), Salt, Colours (Beta Carotene, Paprika Extract), Anti-Caking Agent (Sunflower Lecithin)., Tomato Ketchup 66% Tomato Puree (equivalent to 184g tomatoes per 100g ketchup), Glucose-Fructose Syrup, Spirit Vinegar, Salt, Spice Extracts., Dill Pickle Slices Gherkins, Water, Spirit Vinegar, Salt, Firming Agent (Calcium Chloride), Natural Flavouring, Preservative (Potassium Sorbate)., Onions 100% White Onions., Mustard EITHER: Water, Spirit Vinegar, Allergen Ingredient:  MUSTARD Seed (13%), Salt, Spices, Spice Extract.  OR: Water, Spirit Vinegar, Allergen Ingredient:  MUSTARD Seed (13%), Salt, Spices, Natural Cloves Flavour, Spice Extract..",750,265,kcal,38,{},3131,1106.3,kJ,38,{},51,18,g,102,{},38,13.4,g,15,{},10,3.5,g,12,{},43,15.2,g,62,{},20,7.1,g,102,{},2.5,0.9,g,,{},2.9,1,g,49,{}
1,Apple Pie,Apple Pie - Deliciously Sweet,"McDonald's Apple Pie. Crispy on the outside, deliciously hot and sweet on the inside.","Apple Pie Water, Apple (23%), Allergen Ingredient:  WHEAT Flour (contains Calcium Carbonate, Iron, Niacin, Thiamin), Sugar, Modified Maize Starch, Palm Oil, Rapeseed Oil, Dextrose, Salt, Invert Sugar Syrup, Spices, Lemon Juice Concentrate, Flavouring, Acidity Regulator (Citric Acid).  Prepared in the restaurants using non-hydrogenated vegetable oil.  Potential Allergen Ingredient: N.B. May contain traces of milk and barley..",250,294.1,kcal,13,{},1043,1227.1,kJ,13,{},2.3,2.7,g,5,{},27,31.8,g,10,{},9.5,11.2,g,11,{},14,16.5,g,20,{},3.3,3.9,g,16,{},1.4,1.6,g,,{},0.34,0.4,g,6,{}
2,Millionaire's Donut,Millionaire’s Donut - Festive McCafé Range,"An indulgent iced caramel donut with gooey caramel filling, topped with biscuit pieces and a dark cocoa drizzle. Click here to find out more.","Millionaire's Donut Allergen Ingredient: WHEAT Flour, Caramel Flavour Filling (21%) (Chicory Root Fibre, Allergen Ingredient:  Sweetened Condensed Whole MILK, Water, Butter (Allergen Ingredient: MILK), Salt, Thickener (Pectins), Natural Flavour), Water, Caramel Flavour Coating (12%) (Vegetable Fats (Palm, Palm Kernel, Shea, Rapeseed), Sugar, Dried Glucose Syrup, Allergen Ingredient:  Skimmed MILK Powder, Butter (Allergen Ingredient: MILK), Fat Reduced Cocoa Powder, Emulsifier (Sunflower Lecithin), Salt, Colour (Paprika Extract), Natural Flavour), Vegetable Fats (Palm, Rapeseed), Biscuit Pieces (5%) (Allergen Ingredient: WHEAT Flour, Sugar, Palm Oil, Allergen Ingredient:  Skimmed MILK Powder, Glucose-Fructose Syrup, Salt, Raising Agent (Sodium Hydrogen Carbonate), Natural Flavour), Cocoa Drizzle (4%) (Vegetable Fats (Palm, Palm Kernel, Shea, Rapeseed), Dried Glucose Syrup, Fat Reduced Cocoa Powder (0.7%), Sugar, Whey Powder (from Allergen Ingredient:  MILK), Emulsifier (Sunflower Lecithin), Salt, Natural Vanilla Flavour, Acidity Regulator (Citric Acid)), Margarine (Vegetable Oils (Palm, Rapeseed), Water, Emulsifier (Mono- and Diglycerides of Fatty Acids), Salt, Acidity Regulator (Citric Acid), Natural Flavouring), Yeast, Allergen Ingredient:  Free Range Whole EGG Powder, Invert Sugar Syrup, Allergen Ingredient:  Skimmed MILK Powder, Sugar, Allergen Ingredient:  WHEAT Gluten, Salt, Potato Fibre, Emulsifiers (Mono- and Diglycerides of Fatty Acids, Mono- and Diacetyl Tartaric Acid Esters of Mono- and Diglycerides of Fatty Acids, Sodium Stearoyl-2-Lactylate), Antioxidant (Ascorbic Acid).  Potential Allergen Ingredient: N.B. May contain traces of soya and oat..",250,342.5,kcal,13,{},1041,1426,kJ,13,{},4.7,6.4,g,9,{},26,35.6,g,10,{},8.6,11.8,g,10,{},12,16.4,g,17,{},6.1,8.4,g,31,{},1.2,1.6,g,,{},0.49,0.7,g,8,{}
3,Chicken Legend with BBQ Sauce,Chicken Legend® with BBQ Sauce,"McDonald's Chicken Legend® with BBQ Sauce. 100% chicken breast meat in a crispy coating, with lettuce and BBQ sauce, in a warm, toasted bakehouse roll.","Chicken Legend Patty EITHER: Chicken Breast Meat (59%), Allergen Ingredient:  WHEAT Flour (contains Calcium Carbonate, Iron, Niacin, Thiamin), Vegetable Oils (Sunflower, Rapeseed), Breadcrumbs (Allergen Ingredient: WHEAT Flour (contains Calcium Carbonate, Iron, Niacin, Thiamin), Yeast, Salt), Water, Starch, Allergen Ingredient:  WHEAT Semolina, Allergen Ingredient:  WHEAT Gluten, Spices (contain Allergen Ingredient:  CELERY), Salt, Raising Agents (Diphosphates, Sodium Carbonates), Natural Flavourings, Parsley, Whey Protein Concentrate (from Allergen Ingredient:  MILK), Allergen Ingredient:  MUSTARD Flour, Yeast Extract, Acid (Citric Acid), Spice Extract, Potassium Chloride.  OR: Chicken Breast Meat (59%), Allergen Ingredient:  WHEAT Flour (contains Calcium Carbonate, Iron, Niacin, Thiamin), Vegetable Oils (Sunflower, Rapeseed), Water, Breadcrumbs (Allergen Ingredient:  WHEAT Flour, Salt, Yeast), Starch, Allergen Ingredient:  WHEAT Semolina, Allergen Ingredient:  WHEAT Gluten, Spices (contains Allergen Ingredient:  CELERY), Natural Flavouring, Salt, Yeast Extract, Raising Agent (Diphosphates, Sodium Carbonates), Parsley, Whey Protein Concentrate (Allergen Ingredient: from MILK), Acid (Citric Acid), Allergen Ingredient:  MUSTARD Flour, Potassium Chloride, Spice Extract.  Prepared in the restaurant using a non-hydrogenated vegetable oil., Brown Bakehouse Roll Allergen Ingredient: WHEAT Flour (contains Calcium Carbonate, Iron, Niacin, Thiamine), Water, Allergen Ingredient:  RYE Flour, Allergen Ingredient:  Dried WHEAT Sourdough, Rapeseed Oil, Salt, Sugar, Dextrose, Yeast, Allergen Ingredient:  BARLEY, Antioxidant (Ascorbic Acid).  Potential Allergen Ingredient: N.B. May contain traces of sesame seeds* and milk.    *Please note all our buns, rolls, bagels, tortilla wraps and flatbreads are toasted in the same toaster as buns topped with sesame seeds., Smoky BBQ Sauce Water, Glucose-Fructose Syrup, Sugar, Spirit Vinegar, Tomato Paste, Cane Molasses, Modified Maize Starch, Dried Glucose Syrup, Salt, Spices (contain Allergen Ingredient:  MUSTARD), Preservative (Potassium Sorbate), Smoke Flavourings., Lettuce 100% Lettuce..",484,227.4,kcal,24,{},2038,957.4,kJ,24,{},27,12.7,g,54,{},61,28.7,g,23,{},8.4,3.9,g,9,{},14,6.6,g,20,{},1.6,0.8,g,8,{},3.9,1.8,g,,{},1.6,0.8,g,27,{}
4,Chicken Legend with Hot & Spicy Mayo,Chicken Legend® with Hot & Spicy Mayo,"McDonald's Chicken Legend® with Hot & Spicy Mayo. 100% chicken breast in a crispy coating with lettuce and hot & spicy Mayo in a warm, toasted bakehouse roll.","Chicken Legend Patty EITHER: Chicken Breast Meat (59%), Allergen Ingredient:  WHEAT Flour (contains Calcium Carbonate, Iron, Niacin, Thiamin), Vegetable Oils (Sunflower, Rapeseed), Breadcrumbs (Allergen Ingredient: WHEAT Flour (contains Calcium Carbonate, Iron, Niacin, Thiamin), Yeast, Salt), Water, Starch, Allergen Ingredient:  WHEAT Semolina, Allergen Ingredient:  WHEAT Gluten, Spices (contain Allergen Ingredient:  CELERY), Salt, Raising Agents (Diphosphates, Sodium Carbonates), Natural Flavourings, Parsley, Whey Protein Concentrate (from Allergen Ingredient:  MILK), Allergen Ingredient:  MUSTARD Flour, Yeast Extract, Acid (Citric Acid), Spice Extract, Potassium Chloride.  OR: Chicken Breast Meat (59%), Allergen Ingredient:  WHEAT Flour (contains Calcium Carbonate, Iron, Niacin, Thiamin), Vegetable Oils (Sunflower, Rapeseed), Water, Breadcrumbs (Allergen Ingredient:  WHEAT Flour, Salt, Yeast), Starch, Allergen Ingredient:  WHEAT Semolina, Allergen Ingredient:  WHEAT Gluten, Spices (contains Allergen Ingredient:  CELERY), Natural Flavouring, Salt, Yeast Extract, Raising Agent (Diphosphates, Sodium Carbonates), Parsley, Whey Protein Concentrate (Allergen Ingredient: from MILK), Acid (Citric Acid), Allergen Ingredient:  MUSTARD Flour, Potassium Chloride, Spice Extract.  Prepared in the restaurant using a non-hydrogenated vegetable oil., Brown Bakehouse Roll Allergen Ingredient: WHEAT Flour (contains Calcium Carbonate, Iron, Niacin, Thiamine), Water, Allergen Ingredient:  RYE Flour, Allergen Ingredient:  Dried WHEAT Sourdough, Rapeseed Oil, Salt, Sugar, Dextrose, Yeast, Allergen Ingredient:  BARLEY, Antioxidant (Ascorbic Acid).  Potential Allergen Ingredient: N.B. May contain traces of sesame seeds* and milk.    *Please note all our buns, rolls, bagels, tortilla wraps and flatbreads are toasted in the same toaster as buns topped with sesame seeds., Hot & Spicy Mayo Water, Rapeseed Oil (24.5%), Spirit Vinegar, Modified Maize Starch, Allergen Ingredient:  Free Range EGG Yolk (3%), Sugar, Salt, Spices (contain Allergen Ingredient:  MUSTARD), Thickener (Xanthan Gum), Preservative (Potassium Sorbate), Birdseye Chilli, Acid (Lactic Acid), Colour (Paprika Extract)., Lettuce 100% Lettuce..",519,240.9,kcal,26,{},2177,1010.3,kJ,26,{},27,12.5,g,54,{},56,26,g,22,{},4.5,2.1,g,5,{},20,9.3,g,28,{},2.1,1,g,11,{},3.9,1.8,g,,{},1.8,0.8,g,29,{}
5,Chicken Legend with Cool Mayo,Chicken Legend® with Cool Mayo,"McDonald's Chicken Legend® with Cool Mayo. Crispy 100% chicken breast meat, with lettuce and Cool Mayo in a warm, toasted bakehouse roll.","Chicken Legend Patty EITHER: Chicken Breast Meat (59%), Allergen Ingredient:  WHEAT Flour (contains Calcium Carbonate, Iron, Niacin, Thiamin), Vegetable Oils (Sunflower, Rapeseed), Breadcrumbs (Allergen Ingredient: WHEAT Flour (contains Calcium Carbonate, Iron, Niacin, Thiamin), Yeast, Salt), Water, Starch, Allergen Ingredient:  WHEAT Semolina, Allergen Ingredient:  WHEAT Gluten, Spices (contain Allergen Ingredient:  CELERY), Salt, Raising Agents (Diphosphates, Sodium Carbonates), Natural Flavourings, Parsley, Whey Protein Concentrate (from Allergen Ingredient:  MILK), Allergen Ingredient:  MUSTARD Flour, Yeast Extract, Acid (Citric Acid), Spice Extract, Potassium Chloride.  OR: Chicken Breast Meat (59%), Allergen Ingredient:  WHEAT Flour (contains Calcium Carbonate, Iron, Niacin, Thiamin), Vegetable Oils (Sunflower, Rapeseed), Water, Breadcrumbs (Allergen Ingredient:  WHEAT Flour, Salt, Yeast), Starch, Allergen Ingredient:  WHEAT Semolina, Allergen Ingredient:  WHEAT Gluten, Spices (contains Allergen Ingredient:  CELERY), Natural Flavouring, Salt, Yeast Extract, Raising Agent (Diphosphates, Sodium Carbonates), Parsley, Whey Protein Concentrate (Allergen Ingredient: from MILK), Acid (Citric Acid), Allergen Ingredient:  MUSTARD Flour, Potassium Chloride, Spice Extract.  Prepared in the restaurant using a non-hydrogenated vegetable oil., Brown Bakehouse Roll Allergen Ingredient: WHEAT Flour (contains Calcium Carbonate, Iron, Niacin, Thiamine), Water, Allergen Ingredient:  RYE Flour, Allergen Ingredient:  Dried WHEAT Sourdough, Rapeseed Oil, Salt, Sugar, Dextrose, Yeast, Allergen Ingredient:  BARLEY, Antioxidant (Ascorbic Acid).  Potential Allergen Ingredient: N.B. May contain traces of sesame seeds* and milk.    *Please note all our buns, rolls, bagels, tortilla wraps and flatbreads are toasted in the same toaster as buns topped with sesame seeds., Cool Mayo Water, Rapeseed Oil (23.5%), Spirit Vinegar, Modified Maize Starch, Allergen Ingredient:  Free Range EGG Yolk (3%), Sugar, Salt, Allergen Ingredient:  MUSTARD Flour, Thickener (Xanthan Gum), Preservative (Potassium Sorbate), Lemon Juice Concentrate., Lettuce 100% Lettuce..",529,246.2,kcal,26,{},2220,1033.2,kJ,26,{},27,12.6,g,54,{},56,26.1,g,21,{},4.5,2.1,g,5,{},21,9.8,g,30,{},2.5,1.2,g,12,{},4.0,1.9,g,,{},1.8,0.8,g,30,{}
6,Carrot Bag,Carrot Bag - Sides,"One of your five-a-day, a great on-the-go snack. Swap them into the kids' Happy Meal.",Carrot Bag 100% Carrot..,34,42.5,kcal,2,{},141,176.3,kJ,2,{},0.5,0.6,g,1,{},6.2,7.8,g,2,{},5.8,7.3,g,6,{},0.2,0.3,g,0,{},0.1,0.1,g,0,{},2.4,3,g,,{},0.08,0.1,g,1,{}
7,Toffee Latte Regular,Toffee Latte - Festive McCafé Range,"A smooth latte, blended with a sweet toffee syrup and topped with cream. Your perfect Christmas shopping pick me up, click here to find out more.","Milk Allergen Ingredient:  100% Semi-Skimmed MILK., Coffee 100% Roasted Coffee Beans, Water.  Made using 100% Arabica coffee beans, grown on Rainforest Alliance Certified&#8482; farms.  Potential Allergen Ingredient: N.B. May contain traces of milk., Toffee Syrup Water, Sugar, Natural Flavourings, Preservative (Potassium Sorbate), Acidity Regulator (Citric Acid), Colour (Plain Caramel)., Spray Cream Cream (20% fat) (Allergen Ingredient: MILK), Sugar (5%), Dried Glucose Syrup (3%), Propellant (Nitrous Oxide), Emulsifiers (Mono- and Diglycerides of Fatty Acids, Lactic Acid Esters of Mono- and Diglycerides of Fatty Acids), Stabiliser (Carrageenan)., Toffee Drizzle Glucose Syrup, Allergen Ingredient:  Sweetened Condensed Whole MILK (Allergen Ingredient: Whole MILK, Sugar), Glucose-Fructose Syrup, Butter (Allergen Ingredient: MILK), Salt, Stabiliser (Sodium Citrates), Thickener (Pectin)..",183,63.7,kcal,9,{},772,268.9,kJ,9,{},7.7,2.7,g,15,{},25,8.7,g,10,{},23,8,g,25,{},6.0,2.1,g,9,{},3.9,1.4,g,20,{},0.0,0,g,,{},0.25,0.1,g,4,{}
8,The BBQ Chicken & Bacon One - Crispy,The BBQ Chicken & Bacon One - Crispy - Big Flavour Wraps,"Crispy chicken breast, plus bacon with smoky BBQ sauce, cool mayo, tomato and lettuce in a soft, toasted tortilla wrap. Wrap of the Day every Tuesday, Thursday and Saturday!","Chicken Select EITHER: Chicken Breast Meat (57%), Water, Allergen Ingredient:  WHEAT Flour, Vegetable Oils (Sunflower, Rapeseed), Starch, Yeast Extract, Modified Starch, Salt, Spices (contain Allergen Ingredient:  CELERY), Acidity Regulators (Sodium Carbonate, Trisodium Citrate), Allergen Ingredient:  WHEAT Gluten, Raising Agents (Disodium Diphosphate, Sodium Bicarbonates), Onion Powder, Garlic Powder, Spice Extract (contains Allergen Ingredient:  CELERY), Stabiliser (Carrageenan), Dextrose, Flavouring.  Potential Allergen Ingredient:  N.B. May contain traces of milk and mustard.  OR: Chicken Breast Meat (57%), Water, Allergen Ingredient:  WHEAT Flour, Vegetable Oils (Sunflower, Rapeseed), Modified Starch, Starches, Yeast Extract, Spices (contain Allergen Ingredient:  CELERY), Salt, Acidity Regulators (Sodium Carbonates, Sodium Citrate), Allergen Ingredient:  WHEAT Gluten, Raising Agents (Sodium Acid Pyrophosphate, Sodium Carbonate), Spice Extract (contains Allergen Ingredient:  CELERY), Dextrose, Stabiliser (Carrageenan), Flavouring Preparation, Colour (Paprika Extract), Garlic Powder, Onion Powder, Emulsifier (Polysorbate 80), Rosemary Extract.    Potential Allergen Ingredient:  N.B. All the above may contain traces of milk and mustard.  Prepared in the restaurants using non-hydrogenated vegetable oil., Large Tortilla Wrap EITHER: Allergen Ingredient:  WHEAT Flour (contains Calcium Carbonate, Iron, Niacin, Thiamin), Water, Humectant (Glycerol), Rapeseed Oil, Raising Agents (Disodium Diphosphate, Sodium Bicarbonate), Emulsifier (Mono- and Diglycerides of Fatty Acids), Stabiliser (Carboxy Methyl Cellulose), Yeast.  Potential Allergen Ingredient:  N.B. May contain traces of sesame seeds*, milk, barley and rye.  OR: Allergen Ingredient:  WHEAT Flour, Water, Humectant (Glycerol), Rapeseed Oil, Emulsifier (Mono- and Diglycerides of Fatty Acids), Raising Agents (Diphosphates, Potassium Carbonates), Stabilisers (Sodium Carboxymethyl Cellulose, Cellulose Gum), Allergen Ingredient:  WHEAT Starch, Salt, Deactivated Yeast.  Potential Allergen Ingredient:  N.B. May contain traces of sesame seeds*, milk, barley and rye.    *Please note all our buns, rolls, bagels, tortilla wraps and flatbreads are toasted in the same toaster as buns topped with sesame seeds., Tomato Slice 100% Tomato., Smoky BBQ Sauce Water, Glucose-Fructose Syrup, Sugar, Spirit Vinegar, Tomato Paste, Cane Molasses, Modified Maize Starch, Dried Glucose Syrup, Salt, Spices (contain Allergen Ingredient:  MUSTARD), Preservative (Potassium Sorbate), Smoke Flavourings., Lettuce 100% Lettuce., Cool Mayo Water, Rapeseed Oil (23.5%), Spirit Vinegar, Modified Maize Starch, Allergen Ingredient:  Free Range EGG Yolk (3%), Sugar, Salt, Allergen Ingredient:  MUSTARD Flour, Thickener (Xanthan Gum), Preservative (Potassium Sorbate), Lemon Juice Concentrate., Beechwood Smoked Bacon EITHER: Pork Belly, Salt, Smoke Flavouring, Sugar, Emulsifier (Sodium Triphosphate), Antioxidant (Sodium Ascorbate), Preservative (Sodium Nitrite).  OR: Pork Belly, Salt, Smoke Water, Antioxidant (Sodium Ascorbate), Preservative (Sodium Nitrite)..",500,229.7,kcal,25,{},2098,963.7,kJ,25,{},24,11,g,49,{},52,23.9,g,20,{},7.0,3.2,g,8,{},21,9.6,g,30,{},3.3,1.5,g,16,{},3.1,1.4,g,,{},2.2,1,g,37,{}
9,The Sweet Chilli Chicken One - Crispy,The Sweet Chilli One - Crispy - Big Flavour Wraps,"Crispy chicken breast with a sweet chilli sauce, cool mayo, lettuce and cucumber in a soft, toasted tortilla wrap. Wrap of the Day every Monday, Wednesday, Friday and Sunday!","Chicken Select EITHER: Chicken Breast Meat (57%), Water, Allergen Ingredient:  WHEAT Flour, Vegetable Oils (Sunflower, Rapeseed), Starch, Yeast Extract, Modified Starch, Salt, Spices (contain Allergen Ingredient:  CELERY), Acidity Regulators (Sodium Carbonate, Trisodium Citrate), Allergen Ingredient:  WHEAT Gluten, Raising Agents (Disodium Diphosphate, Sodium Bicarbonates), Onion Powder, Garlic Powder, Spice Extract (contains Allergen Ingredient:  CELERY), Stabiliser (Carrageenan), Dextrose, Flavouring.  Potential Allergen Ingredient:  N.B. May contain traces of milk and mustard.  OR: Chicken Breast Meat (57%), Water, Allergen Ingredient:  WHEAT Flour, Vegetable Oils (Sunflower, Rapeseed), Modified Starch, Starches, Yeast Extract, Spices (contain Allergen Ingredient:  CELERY), Salt, Acidity Regulators (Sodium Carbonates, Sodium Citrate), Allergen Ingredient:  WHEAT Gluten, Raising Agents (Sodium Acid Pyrophosphate, Sodium Carbonate), Spice Extract (contains Allergen Ingredient:  CELERY), Dextrose, Stabiliser (Carrageenan), Flavouring Preparation, Colour (Paprika Extract), Garlic Powder, Onion Powder, Emulsifier (Polysorbate 80), Rosemary Extract.    Potential Allergen Ingredient:  N.B. All the above may contain traces of milk and mustard.  Prepared in the restaurants using non-hydrogenated vegetable oil., Large Tortilla Wrap EITHER: Allergen Ingredient:  WHEAT Flour (contains Calcium Carbonate, Iron, Niacin, Thiamin), Water, Humectant (Glycerol), Rapeseed Oil, Raising Agents (Disodium Diphosphate, Sodium Bicarbonate), Emulsifier (Mono- and Diglycerides of Fatty Acids), Stabiliser (Carboxy Methyl Cellulose), Yeast.  Potential Allergen Ingredient:  N.B. May contain traces of sesame seeds*, milk, barley and rye.  OR: Allergen Ingredient:  WHEAT Flour, Water, Humectant (Glycerol), Rapeseed Oil, Emulsifier (Mono- and Diglycerides of Fatty Acids), Raising Agents (Diphosphates, Potassium Carbonates), Stabilisers (Sodium Carboxymethyl Cellulose, Cellulose Gum), Allergen Ingredient:  WHEAT Starch, Salt, Deactivated Yeast.  Potential Allergen Ingredient:  N.B. May contain traces of sesame seeds*, milk, barley and rye.    *Please note all our buns, rolls, bagels, tortilla wraps and flatbreads are toasted in the same toaster as buns topped with sesame seeds., Cucumber 100% Cucumber., Lettuce 100% Lettuce., Sweet Chilli Sauce Water, Sugar, Glucose-Fructose Syrup, Modified Maize Starch, Spirit Vinegar, Red Chillies (3.5%), Salt, Vegetable Oils (Rapeseed & Sunflower), Garlic, Dried Chillies, Dried Red Bell Peppers, Acid (Citric Acid), Preservative (Potassium Sorbate), Colour (Paprika Extract), Thickeners (Xanthan Gum & Guar Gum), White Wine Vinegar., Cool Mayo Water, Rapeseed Oil (23.5%), Spirit Vinegar, Modified Maize Starch, Allergen Ingredient:  Free Range EGG Yolk (3%), Sugar, Salt, Allergen Ingredient:  MUSTARD Flour, Thickener (Xanthan Gum), Preservative (Potassium Sorbate), Lemon Juice Concentrate..",474,224.1,kcal,24,{},1990,940.9,kJ,24,{},22,10.4,g,45,{},52,24.6,g,20,{},7.2,3.4,g,8,{},19,9,g,27,{},2.6,1.2,g,13,{},3.2,1.5,g,,{},2.0,0.9,g,33,{}
10,Shaker Side Salad,Shaker Side Salad - Seasonal Leaves,"McDonald's Shaker Salad. Seasonal salad leaves, cucumber and cherry tomatoes.","Lettuce 100% Lettuce., Tomato Slice 100% Tomato., Cucumber 100% Cucumber..",15,7.4,kcal,1,{},65,32,kJ,1,{},0.9,0.4,g,2,{},1.5,0.7,g,1,{},1.5,0.7,g,2,{},0.5,0.2,g,1,{},0.0,0,g,0,{},1.0,0.5,g,,{},0.05,0,g,1,{}
11,Mayo Chicken,Mayo Chicken - Crispy Coated Chicken,McDonald's Mayo Chicken. 100% crispy chicken breast with lettuce and cool mayo in a soft bun. How can you resist?,"Bun Allergen Ingredient:  WHEAT Flour (contains Calcium Carbonate, Iron, Niacin, Thiamine), Water, Sugar, Rapeseed Oil, Salt, Yeast, Emulsifier (Mono- and Diacetyl Tartaric Acid Esters of Mono- and Diglycerides of Fatty Acids), Allergen Ingredient:  WHEAT Gluten, Preservative (Calcium Propionate), De-activated Yeast, Antioxidant (Ascorbic Acid).  Potential Allergen Ingredient:  N.B. May contain traces of sesame seeds*, milk, barley and rye.    *Please note all our buns, rolls, bagels, tortilla wraps and flatbreads are toasted in the same toaster as buns topped with sesame seeds., Chicken Patty Chicken Breast Meat (44%), Water, Allergen Ingredient:  WHEAT Flour (contains Calcium Carbonate, Iron, Niacin, Thiamin), Breadcrumb (Allergen Ingredient: WHEAT Flour (contains Calcium Carbonate, Iron, Niacin, Thiamin), Yeast, Salt), Rusk (Allergen Ingredient: WHEAT Flour (contains Calcium Carbonate, Iron, Niacin, Thiamin), Salt, Sunflower Oil), Vegetable Oils (Sunflower, Rapeseed), Allergen Ingredient:  WHEAT Semolina, Starch, Modified Starch (contains Allergen Ingredient:  WHEAT), Salt, Raising Agents (Diphosphates, Sodium Carbonates, Calcium Phosphates), Natural Flavourings, Potassium Chloride, Yeast Extract, White Pepper, Garlic Powder, Dextrose.  Prepared in the restaurants using non-hydrogenated vegetable oil.  N.B. May contain traces of celery, milk and mustard., Lettuce (Iceberg) 100% Iceberg Lettuce., Cool Mayo Water, Rapeseed Oil (23.5%), Spirit Vinegar, Modified Maize Starch, Allergen Ingredient:  Free Range EGG Yolk (3%), Sugar, Salt, Allergen Ingredient:  MUSTARD Flour, Thickener (Xanthan Gum), Preservative (Potassium Sorbate), Lemon Juice Concentrate..",319,258.9,kcal,16,{},1337,1085.2,kJ,16,{},12,9.7,g,24,{},38,30.8,g,15,{},4.6,3.7,g,5,{},13,10.6,g,18,{},1.6,1.3,g,8,{},2.8,2.3,g,,{},1.1,0.9,g,19,{}
12,Bacon Mayo Chicken,{},{},"Bun Allergen Ingredient:  WHEAT Flour (contains Calcium Carbonate, Iron, Niacin, Thiamine), Water, Sugar, Rapeseed Oil, Salt, Yeast, Emulsifier (Mono- and Diacetyl Tartaric Acid Esters of Mono- and Diglycerides of Fatty Acids), Allergen Ingredient:  WHEAT Gluten, Preservative (Calcium Propionate), De-activated Yeast, Antioxidant (Ascorbic Acid).  Potential Allergen Ingredient:  N.B. May contain traces of sesame seeds*, milk, barley and rye.    *Please note all our buns, rolls, bagels, tortilla wraps and flatbreads are toasted in the same toaster as buns topped with sesame seeds., Chicken Patty Chicken Breast Meat (44%), Water, Allergen Ingredient:  WHEAT Flour (contains Calcium Carbonate, Iron, Niacin, Thiamin), Breadcrumb (Allergen Ingredient: WHEAT Flour (contains Calcium Carbonate, Iron, Niacin, Thiamin), Yeast, Salt), Rusk (Allergen Ingredient: WHEAT Flour (contains Calcium Carbonate, Iron, Niacin, Thiamin), Salt, Sunflower Oil), Vegetable Oils (Sunflower, Rapeseed), Allergen Ingredient:  WHEAT Semolina, Starch, Modified Starch (contains Allergen Ingredient:  WHEAT), Salt, Raising Agents (Diphosphates, Sodium Carbonates, Calcium Phosphates), Natural Flavourings, Potassium Chloride, Yeast Extract, White Pepper, Garlic Powder, Dextrose.  Prepared in the restaurants using non-hydrogenated vegetable oil.  N.B. May contain traces of celery, milk and mustard., Streaky Bacon EITHER: Pork Belly, Salt, Smoke Flavouring, Sugar, Emulsifier (Sodium Triphosphate), Antioxidant (Sodium Ascorbate), Preservative (Sodium Nitrite).  OR: Pork Belly, Salt, Smoke Water, Antioxidant (Sodium Ascorbate), Preservative (Sodium Nitrite)., Lettuce (Iceberg) 100% Iceberg Lettuce., Cool Mayo Water, Rapeseed Oil (23.5%), Spirit Vinegar, Modified Maize Starch, Allergen Ingredient:  Free Range EGG Yolk (3%), Sugar, Salt, Allergen Ingredient:  MUSTARD Flour, Thickener (Xanthan Gum), Preservative (Potassium Sorbate), Lemon Juice Concentrate..",370,274.3,kcal,19,{},1550,1149,kJ,19,{},17,12.6,g,34,{},38,28.2,g,15,{},4.7,3.5,g,5,{},16,11.9,g,23,{},2.9,2.1,g,14,{},2.8,2.1,g,,{},1.5,1.1,g,24,{}
13,Bacon Double Cheeseburger,Bacon Double Cheeseburger,"Two 100% beef patties, two rashers of Beechwood smoked bacon, two slices of cheese, onions, pickles, mustard and tomato ketchup, all in a soft bun.","Beef Patty 100% Pure Beef.  No additives, fillers, binders, preservatives or flavour enhancers. Just pure forequarter and flank. A little salt and pepper is added to season after cooking., Bun Allergen Ingredient:  WHEAT Flour (contains Calcium Carbonate, Iron, Niacin, Thiamine), Water, Sugar, Rapeseed Oil, Salt, Yeast, Emulsifier (Mono- and Diacetyl Tartaric Acid Esters of Mono- and Diglycerides of Fatty Acids), Allergen Ingredient:  WHEAT Gluten, Preservative (Calcium Propionate), De-activated Yeast, Antioxidant (Ascorbic Acid).  Potential Allergen Ingredient:  N.B. May contain traces of sesame seeds*, milk, barley and rye.    *Please note all our buns, rolls, bagels, tortilla wraps and flatbreads are toasted in the same toaster as buns topped with sesame seeds., Cheddar Cheese Slice (processed) Vegetarian Cheddar (51%) (Allergen Ingredient: MILK), Water, Vegetarian Cheese (9%) (Allergen Ingredient: MILK), Whey Powder (Allergen Ingredient: MILK), Butter (Allergen Ingredient: MILK), Emulsifying Salts (Trisodium Citrate, Citric Acid), Allergen Ingredient:  MILK Proteins, Natural Cheese Flavouring (Allergen Ingredient: MILK), Salt, Colours (Beta Carotene, Paprika Extract), Anti-Caking Agent (Sunflower Lecithin)., Beechwood Smoked Bacon EITHER: Pork Belly, Salt, Smoke Flavouring, Sugar, Emulsifier (Sodium Triphosphate), Antioxidant (Sodium Ascorbate), Preservative (Sodium Nitrite).  OR: Pork Belly, Salt, Smoke Water, Antioxidant (Sodium Ascorbate), Preservative (Sodium Nitrite)., Tomato Ketchup 66% Tomato Puree (equivalent to 184g tomatoes per 100g ketchup), Glucose-Fructose Syrup, Spirit Vinegar, Salt, Spice Extracts., Dill Pickle Slices Gherkins, Water, Spirit Vinegar, Salt, Firming Agent (Calcium Chloride), Natural Flavouring, Preservative (Potassium Sorbate)., Onions 100% Onion., Mustard EITHER: Water, Spirit Vinegar, Allergen Ingredient:  MUSTARD Seed (13%), Salt, Spices, Spice Extract.  OR: Water, Spirit Vinegar, Allergen Ingredient:  MUSTARD Seed (13%), Salt, Spices, Natural Cloves Flavour, Spice Extract..",495,271.7,kcal,25,{},2070,1136.4,kJ,25,{},30,16.5,g,61,{},32,17.6,g,12,{},8.1,4.4,g,9,{},27,14.8,g,38,{},13,7.1,g,65,{},2.4,1.3,g,,{},2.7,1.5,g,45,{}
14,Big Mac,Big Mac® - 100% Beef Burger,"The McDonald's Big Mac®. Two patties made from 100% beef, stacked on cheese, lettuce, onion and pickles, with our famous Big Mac® sauce.","Big Mac Bun Allergen Ingredient:  WHEAT Flour (contains Calcium Carbonate, Iron, Niacin, Thiamine), Water, Sugar, Allergen Ingredient:  SESAME Seeds, Rapeseed Oil, Salt, Yeast, Allergen Ingredient:  WHEAT Gluten, Emulsifier (Mono- and Diacetyl Tartaric Acid Esters of Mono- and Diglycerides of Fatty Acids), Raising Agent (Monocalcium Phosphate), Preservative (Calcium Propionate), Antioxidant (Ascorbic Acid).  Potential Allergen Ingredient:  N.B. May contain traces of milk, barley and rye., Beef Patty 100% Pure Beef.  No additives, fillers, binders, preservatives or flavour enhancers. Just pure forequarter and flank. A little salt and pepper is added to season after cooking., Lettuce (Iceberg) 100% Iceberg Lettuce., Big Mac Sauce EITHER: Water, Rapeseed Oil, Spirit Vinegar, Gherkin, Sugar, Modified Maize Starch, Allergen Ingredient:  Free Range EGG Yolk, Spices (contain Allergen Ingredient:  MUSTARD), Salt, Glucose-Fructose Syrup, Thickener (Xanthan Gum), Natural Flavourings, Firming Agent (Calcium Chloride), Preservative (Potassium Sorbate).  OR: Water, Rapeseed Oil, Spirit Vinegar, Gherkins, Glucose-Fructose Syrup, Sugar, Modified Maize Starch, Allergen Ingredient:  Free Range EGG Yolk, Spices (contains Allergen Ingredient:  MUSTARD), Salt, Thickener (Xanthan Gum), Natural Flavourings, Yeast Extract, Firming Agent (Calcium Chloride)., Cheddar Cheese Slice (processed) Vegetarian Cheddar (51%) (Allergen Ingredient: MILK), Water, Vegetarian Cheese (9%) (Allergen Ingredient: MILK), Whey Powder (Allergen Ingredient: MILK), Butter (Allergen Ingredient: MILK), Emulsifying Salts (Trisodium Citrate, Citric Acid), Allergen Ingredient:  MILK Proteins, Natural Cheese Flavouring (Allergen Ingredient: MILK), Salt, Colours (Beta Carotene, Paprika Extract), Anti-Caking Agent (Sunflower Lecithin)., Dill Pickle Slices Gherkins, Water, Spirit Vinegar, Salt, Firming Agent (Calcium Chloride), Natural Flavouring, Preservative (Potassium Sorbate)., Onions 100% Onion..",508,235.1,kcal,25,{},2125,983.3,kJ,25,{},26,12,g,53,{},43,19.9,g,16,{},9.0,4.2,g,10,{},25,11.6,g,36,{},9.5,4.4,g,47,{},3.6,1.7,g,,{},2.3,1.1,g,38,{}
15,Quarter Pounder with Cheese,Quarter Pounder with Cheese - 100% Beef Burger,"McDonald's Quarter Pounder with Cheese. A 100% beef patty, with two slices of cheese, onions, pickles, mustard and tomato ketchup in a bun.","Quarter Beef Patty 100% Pure Beef.  No additives, fillers, binders, preservatives or flavour enhancers. Just pure forequarter and flank. A little salt and pepper is added to season after cooking., Quarter Pounder Bun Allergen Ingredient:  WHEAT Flour (contains Calcium Carbonate, Iron, Niacin, Thiamine), Water, Sugar, Allergen Ingredient:  SESAME Seeds, Rapeseed Oil, Salt, Yeast, Emulsifier (Mono- and Diacetyl Tartaric Acid Esters of Mono- and Diglycerides of Fatty Acids), Allergen Ingredient:  WHEAT Gluten, Preservative (Calcium Propionate), De-activated Yeast, Antioxidant (Ascorbic Acid).  Potential Allergen Ingredient:  N.B. May contain traces of milk, barley and rye., Cheddar Cheese Slice (processed) Vegetarian Cheddar (51%) (Allergen Ingredient: MILK), Water, Vegetarian Cheese (9%) (Allergen Ingredient: MILK), Whey Powder (Allergen Ingredient: MILK), Butter (Allergen Ingredient: MILK), Emulsifying Salts (Trisodium Citrate, Citric Acid), Allergen Ingredient:  MILK Proteins, Natural Cheese Flavouring (Allergen Ingredient: MILK), Salt, Colours (Beta Carotene, Paprika Extract), Anti-Caking Agent (Sunflower Lecithin)., Tomato Ketchup 66% Tomato Puree (equivalent to 184g tomatoes per 100g ketchup), Glucose-Fructose Syrup, Spirit Vinegar, Salt, Spice Extracts., Dill Pickle Slices Gherkins, Water, Spirit Vinegar, Salt, Firming Agent (Calcium Chloride), Natural Flavouring, Preservative (Potassium Sorbate)., Onions 100% White Onions., Mustard EITHER: Water, Spirit Vinegar, Allergen Ingredient:  MUSTARD Seed (13%), Salt, Spices, Spice Extract.  OR: Water, Spirit Vinegar, Allergen Ingredient:  MUSTARD Seed (13%), Salt, Spices, Natural Cloves Flavour, Spice Extract..",518,258.4,kcal,26,{},2168,1081.5,kJ,26,{},31,15.5,g,62,{},37,18.5,g,14,{},10,5,g,11,{},27,13.5,g,38,{},13,6.5,g,65,{},2.5,1.2,g,,{},2.5,1.2,g,42,{}
16,McChicken Sandwich,McChicken Sandwich® - 100% Chicken Breast Meat,"McDonald's McChicken Sandwich®. Crispy coated 100% chicken breast with lettuce and our sandwich sauce in a soft, sesame-topped bun.","Coated Chicken Patty Chicken Breast Meat (53%), Water, Vegetable Oils (Sunflower, Rapeseed), Starch, Allergen Ingredient:  WHEAT Flour (contains Calcium Carbonate, Iron, Niacin, Thiamin), Allergen Ingredient:  WHEAT Semolina, Maize Flour, Allergen Ingredient:  WHEAT Gluten, Natural Flavourings, Salt, Allergen Ingredient:  MUSTARD Flour, Potassium Chloride, Raising Agents (Diphosphates, Sodium Carbonates), Sugar.  Prepared in the restaurants using non-hydrogenated vegetable oil.  Potential Allergen Ingredient:  N.B. May contain traces of milk and celery., Sesame Bun Allergen Ingredient:  WHEAT Flour (contains Calcium Carbonate, Iron, Niacin, Thiamine), Water, Sugar, Allergen Ingredient:  SESAME Seeds, Rapeseed Oil, Salt, Yeast, Emulsifier (Mono- and Diacetyl Tartaric Acid Esters of Mono- and Diglycerides of Fatty Acids), Allergen Ingredient:  WHEAT Gluten, Preservative (Calcium Propionate), De-activated Yeast, Antioxidant (Ascorbic Acid).  Potential Allergen Ingredient:  N.B. May contain traces of milk, barley and rye., Lettuce (Iceberg) 100% Iceberg Lettuce., Sandwich Sauce Water, Rapeseed Oil, Sugar, Spirit Vinegar, Modified Maize Starch, Allergen Ingredient:  Free Range EGG Yolk, Salt, Thickener (Xanthan Gum), Spices (contain Allergen Ingredient:  MUSTARD), Lemon Juice Concentrate, Preservative (Potassium Sorbate), Natural Onion Flavouring, Dried Garlic, Colours (Curcumin & Paprika Extract)..",388,226.2,kcal,19,{},1627,948.7,kJ,19,{},17,9.9,g,33,{},43,25.1,g,16,{},7.1,4.1,g,8,{},16,9.3,g,23,{},1.8,1,g,9,{},3.4,2,g,,{},1.4,0.8,g,23,{}
17,Vegetable Deluxe,Vegetable Deluxe - Burger,"Vegetable Deluxe, red pesto veggie goujons with sandwich sauce and shredded lettuce in a sesame topped bun.","Red Pepper & Pesto Goujon Yellow Split Peas, Tomato, Breadcrumb (8%) (Rice Flour, Gram Flour, Maize Flour, Amaranth Flour, Maize Starch, Teff Flour, Salt, Dried Glucose Syrup,  Dextrose, Emulsifier (Mono- and Diglycerides of Fatty Acids)), Cooked Arborio Rice, Rice Flour, Sundried Tomato Pesto (7%) (Water, Sundried Tomato Puree (Water, Tomato, Salt), Tomato Paste, Red Wine Vinegar, Olive Oil (Refined Olive Oil, Extra Virgin Olive Oil), Basil, Red Onion, White Sugar, Garlic Puree,  Cornflour, Black Pepper), Red Pepper (7%), Water, Sunflower Oil, Maize Starch, Onion, Rapeseed Oil, Maize Flour, Basil, Garlic Puree,  Salt, Black Pepper, Thickener (Xanthan Gum).  Prepared in the restaurants using a non-hydrogenated vegetable oil., Sesame Bun Allergen Ingredient:  WHEAT Flour (contains Calcium Carbonate, Iron, Niacin, Thiamine), Water, Sugar, Allergen Ingredient:  SESAME Seeds, Rapeseed Oil, Salt, Yeast, Emulsifier (Mono- and Diacetyl Tartaric Acid Esters of Mono- and Diglycerides of Fatty Acids), Allergen Ingredient:  WHEAT Gluten, Preservative (Calcium Propionate), De-activated Yeast, Antioxidant (Ascorbic Acid).  Potential Allergen Ingredient:  N.B. May contain traces of milk, barley and rye., Lettuce (Iceberg) 100% Iceberg Lettuce., Sandwich Sauce Water, Rapeseed Oil, Sugar, Spirit Vinegar, Modified Maize Starch, Allergen Ingredient:  Free Range EGG Yolk, Salt, Thickener (Xanthan Gum), Spices (contain Allergen Ingredient:  MUSTARD), Lemon Juice Concentrate, Preservative (Potassium Sorbate), Natural Onion Flavouring, Dried Garlic, Colours (Curcumin & Paprika Extract)..",380,228.6,kcal,19,{},1593,958.5,kJ,19,{},9.0,5.4,g,18,{},52,31.3,g,20,{},7.8,4.7,g,9,{},14,8.4,g,19,{},1.4,0.8,g,7,{},5.4,3.2,g,,{},1.5,0.9,g,24,{}
18,Hamburger,McDonald's Hamburger - 100% Beef Burger,"McDonald's Hamburger. 100% beef patty, with onions, pickles, mustard and tomato ketchup, in a soft bun.","Bun Allergen Ingredient:  WHEAT Flour (contains Calcium Carbonate, Iron, Niacin, Thiamine), Water, Sugar, Rapeseed Oil, Salt, Yeast, Emulsifier (Mono- and Diacetyl Tartaric Acid Esters of Mono- and Diglycerides of Fatty Acids), Allergen Ingredient:  WHEAT Gluten, Preservative (Calcium Propionate), De-activated Yeast, Antioxidant (Ascorbic Acid).  Potential Allergen Ingredient:  N.B. May contain traces of sesame seeds*, milk, barley and rye.    *Please note all our buns, rolls, bagels, tortilla wraps and flatbreads are toasted in the same toaster as buns topped with sesame seeds., Beef Patty 100% Pure Beef.  No additives, fillers, binders, preservatives or flavour enhancers. Just pure forequarter and flank. A little salt and pepper is added to season after cooking., Tomato Ketchup 66% Tomato Puree (equivalent to 184g tomatoes per 100g ketchup), Glucose-Fructose Syrup, Spirit Vinegar, Salt, Spice Extracts., Dill Pickle Slices Gherkins, Water, Spirit Vinegar, Salt, Firming Agent (Calcium Chloride), Natural Flavouring, Preservative (Potassium Sorbate)., Onions 100% Onion., Mustard EITHER: Water, Spirit Vinegar, Allergen Ingredient:  MUSTARD Seed (13%), Salt, Spices, Spice Extract.  OR: Water, Spirit Vinegar, Allergen Ingredient:  MUSTARD Seed (13%), Salt, Spices, Natural Cloves Flavour, Spice Extract..",250,239.1,kcal,13,{},1053,1007.2,kJ,13,{},13,12.4,g,26,{},30,28.7,g,11,{},6.6,6.3,g,7,{},8.3,7.9,g,12,{},3.3,3.2,g,16,{},2.4,2.3,g,,{},1.2,1.1,g,19,{}
19,Cheeseburger,Cheeseburger - 100% Beef Burger,"McDonald's Cheeseburger. A classic 100% beef patty and cheese, with onions, pickles, mustard and tomato ketchup in a soft bun.","Bun Allergen Ingredient:  WHEAT Flour (contains Calcium Carbonate, Iron, Niacin, Thiamine), Water, Sugar, Rapeseed Oil, Salt, Yeast, Emulsifier (Mono- and Diacetyl Tartaric Acid Esters of Mono- and Diglycerides of Fatty Acids), Allergen Ingredient:  WHEAT Gluten, Preservative (Calcium Propionate), De-activated Yeast, Antioxidant (Ascorbic Acid).  Potential Allergen Ingredient:  N.B. May contain traces of sesame seeds*, milk, barley and rye.    *Please note all our buns, rolls, bagels, tortilla wraps and flatbreads are toasted in the same toaster as buns topped with sesame seeds., Beef Patty 100% Pure Beef.  No additives, fillers, binders, preservatives or flavour enhancers. Just pure forequarter and flank. A little salt and pepper is added to season after cooking., Cheddar Cheese Slice (processed) Vegetarian Cheddar (51%) (Allergen Ingredient: MILK), Water, Vegetarian Cheese (9%) (Allergen Ingredient: MILK), Whey Powder (Allergen Ingredient: MILK), Butter (Allergen Ingredient: MILK), Emulsifying Salts (Trisodium Citrate, Citric Acid), Allergen Ingredient:  MILK Proteins, Natural Cheese Flavouring (Allergen Ingredient: MILK), Salt, Colours (Beta Carotene, Paprika Extract), Anti-Caking Agent (Sunflower Lecithin)., Tomato Ketchup 66% Tomato Puree (equivalent to 184g tomatoes per 100g ketchup), Glucose-Fructose Syrup, Spirit Vinegar, Salt, Spice Extracts., Dill Pickle Slices Gherkins, Water, Spirit Vinegar, Salt, Firming Agent (Calcium Chloride), Natural Flavouring, Preservative (Potassium Sorbate)., Onions 100% Onion., Mustard EITHER: Water, Spirit Vinegar, Allergen Ingredient:  MUSTARD Seed (13%), Salt, Spices, Spice Extract.  OR: Water, Spirit Vinegar, Allergen Ingredient:  MUSTARD Seed (13%), Salt, Spices, Natural Cloves Flavour, Spice Extract..",301,253.5,kcal,15,{},1262,1062.8,kJ,15,{},16,13.5,g,31,{},31,26.1,g,12,{},7.3,6.1,g,8,{},12,10.1,g,18,{},6.0,5.1,g,30,{},2.4,2,g,,{},1.6,1.3,g,27,{}
20,Double Cheeseburger,Double Cheeseburger - Two 100% Beef Patties,"McDonald's Double Cheeseburger. Two 100% beef patties with cheese, onions, pickles, mustard and tomato ketchup in a bun.","Beef Patty 100% Pure Beef.  No additives, fillers, binders, preservatives or flavour enhancers. Just pure forequarter and flank. A little salt and pepper is added to season after cooking., Bun Allergen Ingredient:  WHEAT Flour (contains Calcium Carbonate, Iron, Niacin, Thiamine), Water, Sugar, Rapeseed Oil, Salt, Yeast, Emulsifier (Mono- and Diacetyl Tartaric Acid Esters of Mono- and Diglycerides of Fatty Acids), Allergen Ingredient:  WHEAT Gluten, Preservative (Calcium Propionate), De-activated Yeast, Antioxidant (Ascorbic Acid).  Potential Allergen Ingredient:  N.B. May contain traces of sesame seeds*, milk, barley and rye.    *Please note all our buns, rolls, bagels, tortilla wraps and flatbreads are toasted in the same toaster as buns topped with sesame seeds., Cheddar Cheese Slice (processed) Vegetarian Cheddar (51%) (Allergen Ingredient: MILK), Water, Vegetarian Cheese (9%) (Allergen Ingredient: MILK), Whey Powder (Allergen Ingredient: MILK), Butter (Allergen Ingredient: MILK), Emulsifying Salts (Trisodium Citrate, Citric Acid), Allergen Ingredient:  MILK Proteins, Natural Cheese Flavouring (Allergen Ingredient: MILK), Salt, Colours (Beta Carotene, Paprika Extract), Anti-Caking Agent (Sunflower Lecithin)., Tomato Ketchup 66% Tomato Puree (equivalent to 184g tomatoes per 100g ketchup), Glucose-Fructose Syrup, Spirit Vinegar, Salt, Spice Extracts., Dill Pickle Slices Gherkins, Water, Spirit Vinegar, Salt, Firming Agent (Calcium Chloride), Natural Flavouring, Preservative (Potassium Sorbate)., Onions 100% Onion., Mustard EITHER: Water, Spirit Vinegar, Allergen Ingredient:  MUSTARD Seed (13%), Salt, Spices, Spice Extract.  OR: Water, Spirit Vinegar, Allergen Ingredient:  MUSTARD Seed (13%), Salt, Spices, Natural Cloves Flavour, Spice Extract..",445,262.1,kcal,22,{},1859,1095.1,kJ,22,{},26,15.3,g,52,{},32,18.9,g,12,{},8.1,4.8,g,9,{},23,13.5,g,33,{},12,7.1,g,58,{},2.4,1.4,g,,{},2.4,1.4,g,40,{}
21,Chicken McNuggets (6 pieces),6 Piece Chicken McNuggets®,"6 Piece McDonald's Chicken Nuggets® and Chicken Selects® are 100% chicken breast meat in crispy golden coating, just waiting to be dipped and shared.","Chicken McNuggets EITHER: Chicken Breast Meat (45%), Water, Vegetable Oils (Sunflower, Rapeseed), Maize Flour, Allergen Ingredient:  Fortified WHEAT Flour (Allergen Ingredient: WHEAT Flour, Calcium Carbonate, Iron, Niacin, Thiamin), Starches, Allergen Ingredient:  WHEAT Semolina, Breadcrumb (contains Allergen Ingredient:  WHEAT), Natural Flavourings (contains Allergen Ingredient:  CELERY), Potassium Chloride, Dried Glucose Syrup, Allergen Ingredient:  WHEAT Gluten, Salt, Raising Agents (Sodium Carbonates), Pepper, Allergen Ingredient: CELERY, Dextrose.  Potential Allergen Ingredient: N.B. May contain traces of milk and mustard.  OR: Chicken Breast Meat (45%), Water, Vegetable Oils (Sunflower, Rapeseed), Maize Flour, Allergen Ingredient:  WHEAT Flour (contains Calcium Carbonate, Iron, Niacin, Thiamin), Starch, Allergen Ingredient:  WHEAT Semolina, Breadcrumb (Allergen Ingredient: WHEAT Flour (contains Calcium Carbonate, Iron, Niacin, Thiamin), Salt), Natural Flavourings (contain Allergen Ingredient:  CELERY), Allergen Ingredient:  WHEAT Gluten, Potassium Chloride, Dried Glucose Syrup, Salt, Raising Agents (Sodium Carbonates), Spices (contain Allergen Ingredient: CELERY), Dextrose.    Potential Allergen Ingredient: N.B. All the above may contain traces of milk and mustard.  Prepared in the restaurants using non-hydrogenated vegetable oil..",259,125.6,kcal,13,{},1083,525.2,kJ,13,{},16,7.8,g,32,{},18,8.7,g,7,{},0.6,0.3,g,1,{},13,6.3,g,19,{},1.7,0.8,g,9,{},0.7,0.3,g,,{},0.51,0.2,g,9,{}
22,Chicken Selects (3 pieces),Chicken Selects® - Chicken Breast Meat,"McDonald's Chicken Selects®. Strips of tender chicken breast in a seasoned, crispy coating.","Chicken Select EITHER: Chicken Breast Meat (57%), Water, Allergen Ingredient:  WHEAT Flour, Vegetable Oils (Sunflower, Rapeseed), Starch, Yeast Extract, Modified Starch, Salt, Spices (contain Allergen Ingredient:  CELERY), Acidity Regulators (Sodium Carbonate, Trisodium Citrate), Allergen Ingredient:  WHEAT Gluten, Raising Agents (Disodium Diphosphate, Sodium Bicarbonates), Onion Powder, Garlic Powder, Spice Extract (contains Allergen Ingredient:  CELERY), Stabiliser (Carrageenan), Dextrose, Flavouring.  Potential Allergen Ingredient:  N.B. May contain traces of milk and mustard.  OR: Chicken Breast Meat (57%), Water, Allergen Ingredient:  WHEAT Flour, Vegetable Oils (Sunflower, Rapeseed), Modified Starch, Starches, Yeast Extract, Spices (contain Allergen Ingredient:  CELERY), Salt, Acidity Regulators (Sodium Carbonates, Sodium Citrate), Allergen Ingredient:  WHEAT Gluten, Raising Agents (Sodium Acid Pyrophosphate, Sodium Carbonate), Spice Extract (contains Allergen Ingredient:  CELERY), Dextrose, Stabiliser (Carrageenan), Flavouring Preparation, Colour (Paprika Extract), Garlic Powder, Onion Powder, Emulsifier (Polysorbate 80), Rosemary Extract.    Potential Allergen Ingredient:  N.B. All the above may contain traces of milk and mustard.  Prepared in the restaurants using non-hydrogenated vegetable oil..",359,154.2,kcal,18,{},1502,645.3,kJ,18,{},25,10.7,g,50,{},20,8.6,g,8,{},0.3,0.1,g,0,{},20,8.6,g,28,{},2.2,0.9,g,11,{},0.2,0.1,g,,{},1.8,0.8,g,30,{}
23,20 Chicken McNuggets ShareBox,20 Piece Chicken McNuggets®,"20 Piece McDonald's Chicken Nuggets® and Chicken Selects® are 100% chicken breast meat in crispy golden coating, just waiting to be dipped and shared.","Chicken McNuggets EITHER: Chicken Breast Meat (45%), Water, Vegetable Oils (Sunflower, Rapeseed), Maize Flour, Allergen Ingredient:  Fortified WHEAT Flour (Allergen Ingredient: WHEAT Flour, Calcium Carbonate, Iron, Niacin, Thiamin), Starches, Allergen Ingredient:  WHEAT Semolina, Breadcrumb (contains Allergen Ingredient:  WHEAT), Natural Flavourings (contains Allergen Ingredient:  CELERY), Potassium Chloride, Dried Glucose Syrup, Allergen Ingredient:  WHEAT Gluten, Salt, Raising Agents (Sodium Carbonates), Pepper, Allergen Ingredient: CELERY, Dextrose.  Potential Allergen Ingredient: N.B. May contain traces of milk and mustard.  OR: Chicken Breast Meat (45%), Water, Vegetable Oils (Sunflower, Rapeseed), Maize Flour, Allergen Ingredient:  WHEAT Flour (contains Calcium Carbonate, Iron, Niacin, Thiamin), Starch, Allergen Ingredient:  WHEAT Semolina, Breadcrumb (Allergen Ingredient: WHEAT Flour (contains Calcium Carbonate, Iron, Niacin, Thiamin), Salt), Natural Flavourings (contain Allergen Ingredient:  CELERY), Allergen Ingredient:  WHEAT Gluten, Potassium Chloride, Dried Glucose Syrup, Salt, Raising Agents (Sodium Carbonates), Spices (contain Allergen Ingredient: CELERY), Dextrose.    Potential Allergen Ingredient: N.B. All the above may contain traces of milk and mustard.  Prepared in the restaurants using non-hydrogenated vegetable oil..",863,190.1,kcal,43,{},3612,795.6,kJ,43,{},53,11.7,g,107,{},61,13.4,g,24,{},1.9,0.4,g,2,{},45,9.9,g,64,{},5.8,1.3,g,29,{},2.2,0.5,g,,{},1.7,0.4,g,28,{}
24,Filet-o-Fish,Filet-O-Fish® - Sustainably Caught Fish,"McDonald's Filet-O-Fish®. White hoki fish in crispy breadcrumbs, with cheese and tartare sauce, in a steamed bun.","Fish Filet Portion Hoki or Alaska Pollock Fillet (Allergen Ingredient: FISH) (75%), Allergen Ingredient:  WHEAT Flour, Water, Allergen Ingredient:  Modified WHEAT Starch, Corn Flour, Salt, Corn Starch, Yeast, Thickener (Sodium Carboxymethyl Cellulose).  Prepared in the restaurants using non-hydrogenated vegetable oil., Filet-o-Fish Bun Allergen Ingredient:  WHEAT Flour (contains Calcium Carbonate, Iron, Niacin, Thiamine), Water, Sugar, Rapeseed Oil, Salt, Yeast, Emulsifier (Mono- and Diacetyl Tartaric Acid Esters of Mono- and Diglycerides of Fatty Acids), Allergen Ingredient:  WHEAT Gluten, Preservative (Calcium Propionate), De-activated Yeast, Antioxidant (Ascorbic Acid).  Potential Allergen Ingredient:  N.B. May contain traces of sesame seeds* and milk.    *Please note all our buns, rolls, bagels, tortilla wraps and flatbreads are toasted in the same toaster as buns topped with sesame seeds., Tartare Sauce EITHER: Water, Rapeseed Oil, Gherkin, Spirit Vinegar, Onion, Allergen Ingredient:  Free Range EGG Yolk, Modified Maize Starch, Sugar, Salt, Thickener (Xanthan Gum), Allergen Ingredient:  MUSTARD Flour, Capers, Preservative (Potassium Sorbate), Firming Agent (Calcium Chloride), Dried Parsley, Flavourings.  OR: Water, Rapeseed Oil, Gherkins, Spirit Vinegar, Onions, Modified Maize Starch, Allergen Ingredient:  Free Range EGG Yolk, Sugar, Salt, Thickener (Xanthan Gum), Allergen Ingredient: MUSTARD Flour, Capers, Preservative (Potassium Sorbate), Firming Agent (Calcium Chloride), Dried Parsley, Natural Flavouring., Cheddar Cheese Slice (processed) Vegetarian Cheddar (51%) (Allergen Ingredient: MILK), Water, Vegetarian Cheese (9%) (Allergen Ingredient: MILK), Whey Powder (Allergen Ingredient: MILK), Butter (Allergen Ingredient: MILK), Emulsifying Salts (Trisodium Citrate, Citric Acid), Allergen Ingredient:  MILK Proteins, Natural Cheese Flavouring (Allergen Ingredient: MILK), Salt, Colours (Beta Carotene, Paprika Extract), Anti-Caking Agent (Sunflower Lecithin)..",329,241,kcal,16,{},1379,1010,kJ,16,{},15,11,g,30,{},36,26.4,g,14,{},5.4,4,g,6,{},13,9.5,g,19,{},2.6,1.9,g,13,{},2.7,2,g,,{},1.3,1,g,22,{}
25,Fries Medium,McDonald's Fries - Saver Menu,"McDonald's Fries. Fluffy on the inside and crispy on the outside, our fries are cut from whole potatoes.","Fries Potatoes, Blend of Non-Hydrogenated Vegetable Oils (Sunflower, Rapeseed), Dextrose (predominantly  added at beginning of the potato season).  Prepared in the restaurants using a non-hydrogenated vegetable oil.  Salt is added after cooking.   Please note our Fries can be cooked in the same oil as the Red Pepper and Pesto Goujon which contains: Yellow Split Peas, Tomato, Breadcrumb (8%) (Rice Flour, Gram Flour, Maize Flour, Amaranth Flour, Maize Starch, Teff Flour, Salt, Dried Glucose Syrup, Dextrose, Emulsifier (Mono- and Diglycerides  of Fatty Acids)), Cooked Arborio Rice, Rice Flour, Sundried Tomato Pesto (7%) (Water, Sundried Tomato Puree (Water, Tomato, Salt), Tomato Paste, Red Wine Vinegar, Olive Oil (Refined Olive Oil, Extra Virgin Olive Oil), Basil, Red Onion, White Sugar, Garlic Puree, Cornflour, Black Pepper), Red Pepper (7%), Water, Sunflower Oil, Maize Starch, Onion, Rapeseed Oil, Maize Flour, Basil, Garlic Puree, Salt, Black Pepper, Thickener (Xanthan Gum).  If you require any further details please contact McDonald&#39;s Customer Services Tel: +44 (0) 3705 244622..",337,295.6,kcal,17,{},1410,1236.8,kJ,17,{},3.3,2.9,g,7,{},42,36.8,g,16,{},0.6,0.5,g,1,{},17,14.9,g,24,{},1.5,1.3,g,7,{},3.6,3.2,g,,{},0.62,0.5,g,10,{}
26,Mozzarella Dippers,Mozzarella Sticks with Salsa Dip,"Breaded Mozzarella cheese with a salsa dip, add a side of Mozzarella Dippers, you know you want to!","Mozzarella Dippers Mozzarella Cheese (Allergen Ingredient: MILK) (41%), Allergen Ingredient:  WHEAT Flour, Water, Vegetable Oil (Sunflower, Rapeseed), Allergen Ingredient:  WHEAT Starch, Potato Starch, Potato Flakes, Thickener (Methylcellulose), Yeast, Salt, Modified Potato Starch, Dextrose, Allergen Ingredient:  WHEAT Gluten, Parsley, Spice, Rosemary Extract, Natural Colour (Paprika Extract).  Potential Allergen Ingredient: N.B. May contain traces of mustard and celery.  Prepared in the restaurants using a non-hydrogenated vegetable oil..",256,318.4,kcal,13,{},1073,1334.6,kJ,13,{},10,12.4,g,21,{},22,27.4,g,8,{},1.7,2.1,g,2,{},14,17.4,g,20,{},6.1,7.6,g,31,{},1.4,1.7,g,,{},1.1,1.4,g,19,{}
27,Veggie Dippers - 4 pieces,{},{},"Red Pepper & Pesto Goujon Yellow Split Peas, Tomato, Breadcrumb (8%) (Rice Flour, Gram Flour, Maize Flour, Amaranth Flour, Maize Starch, Teff Flour, Salt, Dried Glucose Syrup,  Dextrose, Emulsifier (Mono- and Diglycerides of Fatty Acids)), Cooked Arborio Rice, Rice Flour, Sundried Tomato Pesto (7%) (Water, Sundried Tomato Puree (Water, Tomato, Salt), Tomato Paste, Red Wine Vinegar, Olive Oil (Refined Olive Oil, Extra Virgin Olive Oil), Basil, Red Onion, White Sugar, Garlic Puree,  Cornflour, Black Pepper), Red Pepper (7%), Water, Sunflower Oil, Maize Starch, Onion, Rapeseed Oil, Maize Flour, Basil, Garlic Puree,  Salt, Black Pepper, Thickener (Xanthan Gum).  Prepared in the restaurants using a non-hydrogenated vegetable oil..",321,235.3,kcal,16,{},1339,981.7,kJ,16,{},6.6,4.8,g,13,{},41,30.1,g,16,{},2.3,1.7,g,3,{},13,9.5,g,19,{},1.3,1,g,7,{},6.0,4.4,g,,{},1.1,0.8,g,19,{}
28,Happy Meal® Veggie Dippers - 2 pieces,{},{},"Red Pepper & Pesto Goujon Yellow Split Peas, Tomato, Breadcrumb (8%) (Rice Flour, Gram Flour, Maize Flour, Amaranth Flour, Maize Starch, Teff Flour, Salt, Dried Glucose Syrup,  Dextrose, Emulsifier (Mono- and Diglycerides of Fatty Acids)), Cooked Arborio Rice, Rice Flour, Sundried Tomato Pesto (7%) (Water, Sundried Tomato Puree (Water, Tomato, Salt), Tomato Paste, Red Wine Vinegar, Olive Oil (Refined Olive Oil, Extra Virgin Olive Oil), Basil, Red Onion, White Sugar, Garlic Puree,  Cornflour, Black Pepper), Red Pepper (7%), Water, Sunflower Oil, Maize Starch, Onion, Rapeseed Oil, Maize Flour, Basil, Garlic Puree,  Salt, Black Pepper, Thickener (Xanthan Gum).  Prepared in the restaurants using a non-hydrogenated vegetable oil..",160,234.6,kcal,8,{},670,982.4,kJ,8,{},3.3,4.8,g,7,{},20,29.3,g,8,{},1.2,1.8,g,1,{},6.6,9.7,g,9,{},0.7,1,g,3,{},3.0,4.4,g,,{},0.57,0.8,g,10,{}
29,Apple & Grape Fruit Bag,Apple & Grape Fruit Bag - Only 49p,McDonald's Apple & Grape Fruit Bag. Sweet grapes and delicious apple that are one of your five-a-day.,"Apple & Grape Fruit Bag 75% Apple, 25% Grape..",46,57.5,kcal,2,{},194,242.5,kJ,2,{},0.3,0.4,g,1,{},10,12.5,g,4,{},10,12.5,g,11,{},0.1,0.1,g,0,{},0.0,0,g,0,{},1.8,2.3,g,,{},0.00,0,g,0,{}
30,Maltesers®  McFlurry®,Maltesers® Reindeer McFlurry®,"Maltesers Reindeer McFlurry, soft dairy ice cream swirled with mini Malteaser Reindeer® shapes, mini Maltesers® clusters and a milk chocolate sauce.","Ice Cream EITHER: Allergen Ingredient:  Skimmed MILK, Sugar, Cream (Allergen Ingredient: MILK), Whey Powder (Allergen Ingredient: MILK), Glucose Syrup, Stabilisers (Guar Gum, Carrageenan), Emulsifier (Mono- and Diglycerides of Fatty Acids), Flavouring.  OR: Allergen Ingredient: Reconstituted Skimmed MILK, Cream (Allergen Ingredient: MILK), Sugar, Allergen Ingredient:  MILK Protein, Glucose Syrup, Allergen Ingredient:  Skimmed MILK Powder, Stabilisers (Guar Gum, Carrageenan), Emulsifier (Mono- and Diglycerides of Fatty Acids), Flavouring., Maltesers Clusters Milk Chocolate (76%) (Sugar, Cocoa Butter, Allergen Ingredient:  Skimmed MILK Powder, Cocoa Mass, Lactose (from Allergen Ingredient:  MILK), Vegetable Fat (Palm), Whey Powder (from Allergen Ingredient:  MILK), Allergen Ingredient:  MILK Fat, Emulsifier Allergen Ingredient: SOYA Lecithin), Natural Vanilla Extract), Honeycomb Pieces (20%) (Glucose Syrup, Allergen Ingredient:  BARLEY Malt Extract, Allergen Ingredient:  Skimmed MILK Powder, Vegetable Fat (Palm), Allergen Ingredient:  WHEAT Flour, Sugar, Raising Agents (Calcium Phosphates, Sodium Carbonates, Potassium Carbonates), Allergen Ingredient:  WHEAT Gluten, Whey Powder (from Allergen Ingredient:  MILK), Salt), Cocoa Butter, Glazing Agent (Gum Arabic, Shellac), Sucrose, Glucose Syrup, Vegetable Oil (Coconut).  Potential Allergen Ingredient: NB: May also contain traces of oat..",283,174.7,kcal,14,{},1189,734,kJ,14,{},5.2,3.2,g,10,{},41,25.3,g,16,{},37,22.8,g,41,{},11,6.8,g,15,{},7.0,4.3,g,35,{},1.0,0.6,g,,{},0.26,0.2,g,4,{}
31,Smarties McFlurry®,{},{},"Ice Cream EITHER: Allergen Ingredient:  Skimmed MILK, Sugar, Cream (Allergen Ingredient: MILK), Whey Powder (Allergen Ingredient: MILK), Glucose Syrup, Stabilisers (Guar Gum, Carrageenan), Emulsifier (Mono- and Diglycerides of Fatty Acids), Flavouring.  OR: Allergen Ingredient: Reconstituted Skimmed MILK, Cream (Allergen Ingredient: MILK), Sugar, Allergen Ingredient:  MILK Protein, Glucose Syrup, Allergen Ingredient:  Skimmed MILK Powder, Stabilisers (Guar Gum, Carrageenan), Emulsifier (Mono- and Diglycerides of Fatty Acids), Flavouring., Smarties Mini EITHER: Sugar, Cocoa Butter, Allergen Ingredient:  Skimmed MILK Powder, Cocoa Mass, Allergen Ingredient:  WHEAT Flour, Butter Fat (from Allergen Ingredient:  MILK), Lactose and Proteins from Whey (from Allergen Ingredient:  MILK), Whey Powder (from Allergen Ingredient:  MILK), Rice Starch, Emulsifier (Sunflower Lecithin), Fruit and Vegetable Concentrates (Safflower, Radish, Black Carrot, Lemon, Hibiscus), Colours (Beetroot Red, Beta Carotene, Curcumin), Spirulina Concentrate, Glazing Agents (Carnauba Wax, Beeswax White), Allergen Ingredient:  BARLEY Malt Extract, Flavourings.  OR: Sugar, Cocoa Butter, Allergen Ingredient:  Skimmed MILK Powder, Cocoa Mass, Butterfat (from Allergen Ingredient:  MILK), Allergen Ingredient:  WHEAT Flour, Lactose and Proteins from Whey (from Allergen Ingredient:  MILK), Rice Starch, Emulsifier (Sunflower Lecithin), Fruit and Vegetable Concentrates (Safflower, Radish, Black Carrot, Lemon, Hibiscus), Spirulina Concentrate, Glazing Agents (Carnuba Wax, Beeswax White), Natural Vanilla Flavouring.  Potential Allergen Ingredient: N.B. May contain traces of soya..",280,172.8,kcal,14,{},1176,725.9,kJ,14,{},4.9,3,g,10,{},42,25.9,g,16,{},39,24.1,g,43,{},10,6.2,g,14,{},6.5,4,g,33,{},1.0,0.6,g,,{},0.23,0.1,g,4,{}
32,Oreo McFlurry (Regular),{},{},"Ice Cream EITHER: Allergen Ingredient:  Skimmed MILK, Sugar, Cream (Allergen Ingredient: MILK), Whey Powder (Allergen Ingredient: MILK), Glucose Syrup, Stabilisers (Guar Gum, Carrageenan), Emulsifier (Mono- and Diglycerides of Fatty Acids), Flavouring.  OR: Allergen Ingredient: Reconstituted Skimmed MILK, Cream (Allergen Ingredient: MILK), Sugar, Allergen Ingredient:  MILK Protein, Glucose Syrup, Allergen Ingredient:  Skimmed MILK Powder, Stabilisers (Guar Gum, Carrageenan), Emulsifier (Mono- and Diglycerides of Fatty Acids), Flavouring., Oreo Crumb Allergen Ingredient: WHEAT Flour, Sugar, Rapeseed Oil, Fat Reduced Cocoa Powder (6.5%), Glucose-Fructose Syrup, Allergen Ingredient:  WHEAT Starch, Raising Agents (Potassium Carbonates, Ammonium Carbonates, Sodium Carbonates), Palm Oil, Salt, Emulsifier (Allergen Ingredient: SOYA Lecithin), Flavouring.  Potential Allergen Ingredient:  NB: May contain traces of milk..",267,166.9,kcal,13,{},1122,701.3,kJ,13,{},5.0,3.1,g,10,{},41,25.6,g,16,{},34,21.3,g,37,{},9.1,5.7,g,13,{},5.3,3.3,g,27,{},1.3,0.8,g,,{},0.31,0.2,g,5,{}
33,Buxton Mineral Water (Still),Buxton® Mineral Water - Cold Drinks,McDonald's Buxton® Mineral Water. Perfectly refreshing mineral water from the heart of the Peak District. Great with your meal or on its own.,Buxton&reg; Natural Mineral Water Natural Mineral Water..,0,0,kcal,0,{},0,0,kJ,0,{},0.0,0,g,0,{},0.0,0,g,0,{},0.0,0,g,0,{},0.0,0,g,0,{},0.0,0,g,0,{},0.0,0,g,,{},0.00,0,g,0,{}
34,Buxton Mineral Water (Still) - 250ml,Buxton® Mineral Water - Cold Drinks,McDonald's Buxton® Mineral Water. Perfectly refreshing mineral water from the heart of the Peak District. Great with your meal or on its own.,Buxton&reg; Natural Mineral Water Natural Mineral Water..,0,0,kcal,0,{},0,0,kJ,0,{},0.0,0,g,0,{},0.0,0,g,0,{},0.0,0,g,0,{},0.0,0,g,0,{},0.0,0,g,0,{},0.0,0,g,,{},0.00,0,g,0,{}
35,Chocolate Milkshake Medium,Chocolate Milkshake,"McDonald's Chocolate Milkshake. Using milk from UK dairies, our Chocolate McDonald's Milkshake is indulgence in a cup.","Milkshake Base EITHER: Allergen Ingredient: Skimmed MILK, Sugar, Cream (Allergen Ingredient: MILK), Whey Powder (Allergen Ingredient: MILK), Glucose Syrup, Stabilisers (Guar Gum, Carrageenan, Carob Gum).  OR: Allergen Ingredient: Reconstituted Skimmed MILK, Sugar, Cream (Allergen Ingredient: MILK), Allergen Ingredient:  Skimmed MILK Powder, Glucose Syrup, Stabilisers (Guar Gum, Carrageenan, Locust Bean Gum), Natural Flavouring., Chocolate Flavour Milkshake Syrup Water, Glucose Syrup, Alkalised Fat Reduced Cocoa Powder (7%), Colour (Plain Caramel), Fructose Syrup, Caramel (Sugar, Glucose-Fructose Syrup, Water), Salt, Cocoa Mass (0.7%), Butter (Allergen Ingredient: MILK), Natural Flavourings, Acidity Regulators (Phosphoric Acid, Citric Acid), Emulsifier (Lecithins), Preservative (Potassium Sorbate)..",380,113.2,kcal,19,{},1603,477.3,kJ,19,{},10,3,g,20,{},66,19.7,g,25,{},47,14,g,52,{},8.2,2.4,g,12,{},5.4,1.6,g,27,{},1.8,0.5,g,,{},0.76,0.2,g,13,{}
36,Strawberry Milkshake Medium,Strawberry Milkshake,"McDonald's Strawberry Milkshake. Made with milk from UK dairies, strawberry McDonald's milkshake is a real treat.","Milkshake Base EITHER: Allergen Ingredient: Skimmed MILK, Sugar, Cream (Allergen Ingredient: MILK), Whey Powder (Allergen Ingredient: MILK), Glucose Syrup, Stabilisers (Guar Gum, Carrageenan, Carob Gum).  OR: Allergen Ingredient: Reconstituted Skimmed MILK, Sugar, Cream (Allergen Ingredient: MILK), Allergen Ingredient:  Skimmed MILK Powder, Glucose Syrup, Stabilisers (Guar Gum, Carrageenan, Locust Bean Gum), Natural Flavouring., Strawberry Flavour Milkshake Syrup Water, Sugar, Glucose Syrup, Strawberry Juice Concentrate (1.6%), Beetroot Juice Concentrate, Acid (Citric Acid), Natural Flavouring, Preservative (Potassium Sorbate)..",379,112.9,kcal,19,{},1602,477.1,kJ,19,{},9.2,2.7,g,18,{},68,20.3,g,26,{},57,17,g,64,{},7.6,2.3,g,11,{},5.1,1.5,g,25,{},0.6,0.2,g,,{},0.43,0.1,g,7,{}
37,Banana Milkshake Medium,Banana Milkshake,"McDonald's Banana Milkshake. Our banana McDonald's milkshake is sweet, delicious and made with milk from UK dairies.","Milkshake Base EITHER: Allergen Ingredient: Skimmed MILK, Sugar, Cream (Allergen Ingredient: MILK), Whey Powder (Allergen Ingredient: MILK), Glucose Syrup, Stabilisers (Guar Gum, Carrageenan, Carob Gum).  OR: Allergen Ingredient: Reconstituted Skimmed MILK, Sugar, Cream (Allergen Ingredient: MILK), Allergen Ingredient:  Skimmed MILK Powder, Glucose Syrup, Stabilisers (Guar Gum, Carrageenan, Locust Bean Gum), Natural Flavouring., Banana Flavour Milkshake Syrup Water, Sugar, Glucose Syrup, Natural Flavouring, Preservative (Potassium Sorbate), Acid (Citric Acid), Colour (Paprika Extract, Curcumin)..",386,114.7,kcal,19,{},1629,484.1,kJ,19,{},9.2,2.7,g,18,{},70,20.8,g,27,{},59,17.5,g,65,{},7.6,2.3,g,11,{},5.1,1.5,g,25,{},0.6,0.2,g,,{},0.43,0.1,g,7,{}
38,Vanilla Milkshake Medium,Vanilla Milkshake,"McDonald's Vanilla Milkshake. Deliciously thick, our vanilla McDonald's milkshake is made using milk from UK dairies.","Milkshake Base EITHER: Allergen Ingredient: Skimmed MILK, Sugar, Cream (Allergen Ingredient: MILK), Whey Powder (Allergen Ingredient: MILK), Glucose Syrup, Stabilisers (Guar Gum, Carrageenan, Carob Gum).  OR: Allergen Ingredient: Reconstituted Skimmed MILK, Sugar, Cream (Allergen Ingredient: MILK), Allergen Ingredient:  Skimmed MILK Powder, Glucose Syrup, Stabilisers (Guar Gum, Carrageenan, Locust Bean Gum), Natural Flavouring., Vanilla Flavour Milkshake Syrup Water, Sugar, Caramelised Sugar Syrup, Natural Flavouring, Acid (Citric acid), Preservative (Potassium Sorbate), Black Carrot Juice Concentrate, Maltodextrin..",377,112.1,kcal,19,{},1591,473.2,kJ,19,{},9.2,2.7,g,18,{},68,20.2,g,26,{},59,17.5,g,66,{},7.5,2.2,g,11,{},5.1,1.5,g,25,{},0.6,0.2,g,,{},0.43,0.1,g,7,{}
39,Coca-Cola Medium,Coca-Cola® - Cold Drinks,"McDonald's Coca-Cola®. A classic taste, enjoy it with a meal or on its own as a refreshing drink.","Coca-Cola Carbonated Water, Sugar, Colour (Sulphite Ammonia Caramel), Phosphoric Acid, Flavourings (including Caffeine)..",170,42.5,kcal,9,{},721,180.3,kJ,9,{},0.0,0,g,0,{},42,10.5,g,16,{},42,10.5,g,47,{},0.0,0,g,0,{},0.0,0,g,0,{},0.0,0,g,,{},0.00,0,g,0,{}
40,Diet Coke Medium,Diet Coke® - Cold Drinks,"McDonald's Diet Coke®. A lighter taste, with no calories or sugar. Enjoy one with your meal or on its own.","Diet Coke Carbonated Water, Colour (Caramel), Sweeteners (Aspartame*, Acesulfame K), Flavourings (including Caffeine), Phosphoric Acid, Citric Acid, Preservative (Sodium Benzoate), Acidity Regulator (Sodium Citrate), Anti-foaming Agent (Dimethyl Polysiloxane).  *contains a source of Phenylalanine..",1,0.3,kcal,0,{},6,1.5,kJ,0,{},0.0,0,g,0,{},0.0,0,g,0,{},0.0,0,g,0,{},0.0,0,g,0,{},0.0,0,g,0,{},0.0,0,g,,{},0.07,0,g,1,{}
41,Sprite Zero Medium,Sprite® Zero - Cold Drinks,"McDonald's Sprite® Zero. The refreshing fizziness of Sprite® Zero, with no sugar or calories.","Sprite Zero&reg; Carbonated Water, Citric Acid, Flavourings, Sweeteners (Aspartame*, Acesulfame K), Preservative (Sodium Benzoate), Acidity Regulator (Sodium Citrate).  *contains a source of Phenylalanine..",4,1,kcal,0,{},20,5,kJ,0,{},0.1,0,g,0,{},0.0,0,g,0,{},0.0,0,g,0,{},0.0,0,g,0,{},0.0,0,g,0,{},0.0,0,g,,{},0.05,0,g,1,{}
42,Fanta Orange Medium,Fanta® Orange - Cold Drinks,"McDonald's Fanta® Orange. Unlock the taste of delicious orange Fanta®, perfect with your meal or on its own.","Fanta Orange For UK except Northern Ireland:   Carbonated Water, Sugar, Orange Juice from Concentrate (1%), Citric Acid, Vegetable Concentrate (Carrot), Sweeteners (Acesulfame-K, Sucralose), Malic Acid, Preservatives (Potassium Sorbate, Sodium Benzoate), Natural Orange Flavourings with other Natural Flavourings, Acidity Regulator (Sodium Citrate), Antioxidant (Ascorbic Acid), Stabiliser (Guar Gum), Anti-Foaming Agent (Dimethylpolysiloxane).  For Northern Ireland only:  Carbonated Water, Sugar, Citric Acid, Malic Acid, Stabilisers (Acacia Gum, Sucrose Acetate Isobutyrate, Glycerol Esters of Wood Rosins), Sweeteners (Acesulfame K, Aspartame*), Acidity Regulator (Sodium Gluconate), Natural Orange Flavourings with Other Natural Flavourings, Antioxidant (Ascorbic Acid), Preservatives (Potassium Sorbate, Sodium Benzoate), Colour (Carotenes), Anti-Foaming Agent (Dimethylpolysiloxane).  *contains a source of Phenylalanine..",76,19,kcal,4,{},320,80,kJ,4,{},0.0,0,g,0,{},18,4.5,g,7,{},18,4.5,g,20,{},0.0,0,g,0,{},0.0,0,g,0,{},0.0,0,g,,{},0.08,0,g,1,{}
43,Oasis Medium,Oasis® - Cold Drinks,McDonald's Oasis®. A deliciously fruity Oasis® drink to enjoy with your meal or on the go.,"Oasis&reg; Water, Sugar, Fruit Juices From Concentrate 5% (Apple 1.7%, Strawberry 1.5%, Redcurrant 1.2%, Cherry 0.6%), Citric Acid, Natural Berry Flavouring with Other Natural Flavourings, Fruit and Vegetable  Concentrates (Blueberry, Blackcurrant, Carrot, Apple, Hibiscus), Stabiliser (Polyphosphates), Acidity Regulator (Sodium Citrate), Preservatives (Potassium Sorbate, Sodium Benzoate), Sweeteners  (Aspartame*, Acesulfame K).  *contains a source of Phenylalanine..",67,16.8,kcal,3,{},283,70.8,kJ,3,{},0.1,0,g,0,{},17,4.3,g,6,{},17,4.3,g,18,{},0.0,0,g,0,{},0.0,0,g,0,{},0.0,0,g,,{},0.32,0.1,g,5,{}
44,Coca-Cola Zero Sugar Medium,Coke Zero - Coca-Cola®,"McDonald's Coca-Cola® Zero Sugar. Zero calories, zero sugar, same great Coca-Cola® taste.","Coca-Cola Zero Sugar Carbonated Water, Colour (Caramel), Phosphoric Acid, Sweeteners (Aspartame*, Acesulfame K), Flavourings (including Caffeine), Acidity Regulator (Sodium Citrate), Preservative (Sodium Benzoate), Anti-Foaming Agent (Dimethyl Polysiloxane).  *contains a source of Phenylalanine..",1,0.3,kcal,0,{},6,1.5,kJ,0,{},0.0,0,g,0,{},0.0,0,g,0,{},0.0,0,g,0,{},0.0,0,g,0,{},0.0,0,g,0,{},0.0,0,g,,{},0.10,0,g,2,{}
45,Tropicana Orange Juice,Tropicana® Orange Juice - Deliciously Fruity,McDonald's Orange Juice. A little bottle of pure Tropicana® orange juice.,Tropicana Orange Juice 100% Pure Unsweetened Orange Juice (not from concentrate)..,108,43.2,kcal,5,{},455,182,kJ,5,{},2.0,0.8,g,4,{},22,8.8,g,9,{},22,8.8,g,25,{},0.0,0,g,0,{},0.0,0,g,0,{},1.5,0.6,g,,{},0.00,0,g,0,{}
46,Robinsons Fruit Shoot,Robinsons® Fruit Shoot - Cold Drinks,McDonald's Robinsons® Fruit Shoot. This apple and blackcurrant-flavoured drink is great with a meal or on the go.,"Low Calorie Apple & Blackcurrant Soft Drink Water, Fruit Juices from Concentrate (Apple 6%, Blackcurrant 2%, Plum), Acid (Citric Acid), Natural Colour (Anthocyanins), Natural Flavouring, Preservatives (Potassium Sorbate, Dimethyl Dicarbonate), Acidity Regulator (Sodium Citrate), Antioxidant (Ascorbic Acid), Sweeteners (Acesulfame K, Sucralose), Vitamins (Niacin, B6, Biotin)..",10,5,kcal,1,{},40,20,kJ,1,{},0.0,0,g,0,{},1.6,0.8,g,1,{},1.6,0.8,g,2,{},0.0,0,g,0,{},0.0,0,g,0,{},0.0,0,g,,{},0.06,0,g,1,{}
47,Organic Milk,Organic Milk - Cold Drinks,"McDonald's Milk. Sourced from UK dairies our organic, semi-skimmed milk is great on its own, or as part of the kids' Happy Meal®.",Milk Allergen Ingredient:  100% Organic Semi-Skimmed MILK..,125,50,kcal,6,{},524,209.6,kJ,6,{},9.0,3.6,g,18,{},12,4.8,g,5,{},12,4.8,g,13,{},4.5,1.8,g,6,{},2.8,1.1,g,14,{},0.0,0,g,,{},0.28,0.1,g,5,{}
48,Flat White,Flat White,The flat white a double shot of espresso blended with steamed and slightly frothed organic milk.,"Milk Allergen Ingredient:  100% Organic Semi-Skimmed MILK., Coffee 100% Roasted Coffee Beans, Water.  Made using 100% Arabica coffee beans, grown on Rainforest Alliance Certified&#8482; farms.  Potential Allergen Ingredient: N.B. May contain traces of milk..",86,37.3,kcal,4,{},362,157.2,kJ,4,{},6.3,2.7,g,13,{},8.4,3.6,g,3,{},8.2,3.6,g,9,{},3.1,1.3,g,4,{},1.9,0.8,g,9,{},0.0,0,g,,{},0.19,0.1,g,3,{}
49,Tea (Regular),Tea - Part of the McCafé® Range,McDonald's Tea. PG tips with or without organic semi-skimmed milk. Because there are few things a nice cup of tea can’t make better.,"Tea Blended Black Tea, Water.  Potential Allergen Ingredient: N.B. May contain traces of milk., Milk Allergen Ingredient:  100% Semi-Skimmed MILK..",6,2.1,kcal,0,{},26,9.1,kJ,0,{},0.4,0.1,g,1,{},0.8,0.3,g,0,{},0.5,0.2,g,1,{},0.2,0.1,g,0,{},0.1,0,g,1,{},0.0,0,g,,{},0.01,0,g,0,{}
50,Double Espresso,Double Espresso - 100% Arabica Bean Coffee,McDonald's Double Espresso. A double shot of coffee made from freshly ground 100% Arabica beans.,"Coffee 100% Roasted Coffee Beans, Water.  Made using 100% Arabica coffee beans, grown on Rainforest Alliance Certified&#8482; farms..",1,1.7,kcal,0,{},5,8.3,kJ,0,{},0.1,0.2,g,0,{},0.2,0.3,g,0,{},0.0,0,g,0,{},0.0,0,g,0,{},0.0,0,g,0,{},0.0,0,g,,{},0.00,0,g,0,{}
51,Hot Chocolate Regular,Hot Chocolate - Festive McCafé Range,"Deliciously warming, this is a silky smooth treat made with a rich, chocolatey syrup. Comfort in a cup. Click here to find out more.","Hot Water Water., Chocolatey Syrup Sugar, Allergen Ingredient:  Skimmed MILK, 10% Fat Reduced Cocoa, Vegetable Oil (Palm), Whey Powder (Allergen Ingredient: MILK), Salt, Stabiliser (Trisodium Citrate), Flavouring, Emulsifier (Allergen Ingredient: SOYA Lecithin)..",173,55.8,kcal,9,{},727,234.5,kJ,9,{},2.2,0.7,g,4,{},30,9.7,g,12,{},27,8.7,g,29,{},4.3,1.4,g,6,{},2.2,0.7,g,11,{},2.3,0.7,g,,{},0.57,0.2,g,10,{}
52,Latte Regular,Latte - 100% Arabica Bean Coffee,"McDonald's Latte. A large shot of McCafé® Arabica bean espresso mixed with organic, semi-skimmed milk from UK dairies.","Milk Allergen Ingredient:  100% Organic Semi-Skimmed MILK., Coffee 100% Roasted Coffee Beans, Water.   Made using 100% Arabica coffee beans grown on Rainforest Alliance Certified farms.  Potential Allergen Ingredient: N.B. May contain traces of milk..",142,41.8,kcal,7,{},596,175.3,kJ,7,{},11,3.2,g,21,{},13,3.8,g,5,{},13,3.8,g,15,{},5.0,1.5,g,7,{},3.1,0.9,g,15,{},0.0,0,g,,{},0.33,0.1,g,5,{}
53,Cappuccino Regular,Cappuccino - 100% Arabica Bean Coffee,"McDonald's Cappuccino. A large shot of McCafé® Arabica bean espresso with steamed organic semi-skimmed milk, topped with a chocolatey dusting.","Milk Allergen Ingredient:  100% Organic Semi-Skimmed MILK., Coffee 100% Roasted Coffee Beans, Water.  Made using 100% Arabica coffee beans, grown on Rainforest Alliance Certified&#8482; farms., Chocolatey Powder Sugar, Cocoa, Salt, Flavourings.  Potential Allergen Ingredient:  N.B. May contain traces of milk..",94,40.5,kcal,5,{},395,170.3,kJ,5,{},6.4,2.8,g,13,{},9.9,4.3,g,4,{},9.6,4.1,g,11,{},3.2,1.4,g,5,{},2.0,0.9,g,10,{},0.2,0.1,g,,{},0.19,0.1,g,3,{}
54,Black Coffee Regular,Black Coffee - 100% Arabica beans,McDonald's black coffee is made with freshly ground Arabica beans from Rainforest Alliance Certified Farms™ and blended with hot water.,"Coffee 100% Roasted Coffee Beans, Water.  Made using 100% Arabica coffee beans, grown on Rainforest Alliance Certified&#8482; farms.  Potential Allergen Ingredient: N.B. May contain traces of milk..",6,2.2,kcal,0,{},23,8.4,kJ,0,{},0.6,0.2,g,1,{},0.8,0.3,g,0,{},0.0,0,g,0,{},0.0,0,g,0,{},0.0,0,g,0,{},0.0,0,g,,{},0.01,0,g,0,{}
55,White Coffee Regular,White Coffee - 100% Arabica Bean Coffee,McDonald's White Coffee. A large shot of McCafé® Arabica bean espresso blended with organic semi-skimmed milk and hot water.,"Coffee 100% Roasted Coffee Beans, Water.  Made using 100% Arabica coffee beans, grown on Rainforest Alliance Certified&#8482; farms., Milk Allergen Ingredient:  100% Organic Semi-Skimmed MILK..",30,9.2,kcal,2,{},128,39.4,kJ,2,{},2.4,0.7,g,5,{},3.2,1,g,1,{},2.4,0.7,g,3,{},0.9,0.3,g,1,{},0.6,0.2,g,3,{},0.0,0,g,,{},0.06,0,g,1,{}
